<?xml version="1.0" encoding="UTF-8"?>
<root>
  <item name="lib.ys.util.permission.CheckTask java.lang.String[] getPermissions()">
    <annotation name="android.support.annotation.StringDef">
      <val name="value" val="{lib.ys.util.permission.Permission.calendar, lib.ys.util.permission.Permission.camera, lib.ys.util.permission.Permission.contacts, lib.ys.util.permission.Permission.location, lib.ys.util.permission.Permission.micro_phone, lib.ys.util.permission.Permission.phone, lib.ys.util.permission.Permission.sensors, lib.ys.util.permission.Permission.sms, lib.ys.util.permission.Permission.storage}" />
    </annotation>
  </item>
  <item name="lib.ys.util.permission.CheckTask mPermissions">
    <annotation name="android.support.annotation.StringDef">
      <val name="value" val="{lib.ys.util.permission.Permission.calendar, lib.ys.util.permission.Permission.camera, lib.ys.util.permission.Permission.contacts, lib.ys.util.permission.Permission.location, lib.ys.util.permission.Permission.micro_phone, lib.ys.util.permission.Permission.phone, lib.ys.util.permission.Permission.sensors, lib.ys.util.permission.Permission.sms, lib.ys.util.permission.Permission.storage}" />
    </annotation>
  </item>
  <item name="lib.ys.util.permission.CheckTask.Builder lib.ys.util.permission.CheckTask.Builder permissions(java.lang.String...) 0">
    <annotation name="android.support.annotation.StringDef">
      <val name="value" val="{lib.ys.util.permission.Permission.calendar, lib.ys.util.permission.Permission.camera, lib.ys.util.permission.Permission.contacts, lib.ys.util.permission.Permission.location, lib.ys.util.permission.Permission.micro_phone, lib.ys.util.permission.Permission.phone, lib.ys.util.permission.Permission.sensors, lib.ys.util.permission.Permission.sms, lib.ys.util.permission.Permission.storage}" />
    </annotation>
  </item>
  <item name="lib.ys.util.permission.CheckTask.Builder mPermissions">
    <annotation name="android.support.annotation.StringDef">
      <val name="value" val="{lib.ys.util.permission.Permission.calendar, lib.ys.util.permission.Permission.camera, lib.ys.util.permission.Permission.contacts, lib.ys.util.permission.Permission.location, lib.ys.util.permission.Permission.micro_phone, lib.ys.util.permission.Permission.phone, lib.ys.util.permission.Permission.sensors, lib.ys.util.permission.Permission.sms, lib.ys.util.permission.Permission.storage}" />
    </annotation>
  </item>
  <item name="lib.ys.util.permission.OnPermissionListener void onPermissionResult(int, int) 1">
    <annotation name="android.support.annotation.IntDef">
      <val name="value" val="{lib.ys.util.permission.PermissionResult.granted, lib.ys.util.permission.PermissionResult.denied, lib.ys.util.permission.PermissionResult.never_ask}" />
    </annotation>
  </item>
  <item name="lib.ys.util.permission.Permission">
    <annotation name="android.support.annotation.StringDef">
      <val name="value" val="{lib.ys.util.permission.Permission.calendar, lib.ys.util.permission.Permission.camera, lib.ys.util.permission.Permission.contacts, lib.ys.util.permission.Permission.location, lib.ys.util.permission.Permission.micro_phone, lib.ys.util.permission.Permission.phone, lib.ys.util.permission.Permission.sensors, lib.ys.util.permission.Permission.sms, lib.ys.util.permission.Permission.storage}" />
    </annotation>
  </item>
  <item name="lib.ys.util.permission.PermissionResult">
    <annotation name="android.support.annotation.IntDef">
      <val name="value" val="{lib.ys.util.permission.PermissionResult.granted, lib.ys.util.permission.PermissionResult.denied, lib.ys.util.permission.PermissionResult.never_ask}" />
    </annotation>
  </item>
</root>

