<?xml version="1.0" encoding="UTF-8"?>
<root>
  <item name="lib.ys.util.attr.AttrFloat">
    <annotation name="android.support.annotation.StringDef">
      <val name="value" val="{lib.ys.util.attr.AttrFloat.layout_width, lib.ys.util.attr.AttrFloat.layout_height, lib.ys.util.attr.AttrFloat.drawable_padding, lib.ys.util.attr.AttrFloat.text_size}" />
    </annotation>
  </item>
  <item name="lib.ys.util.attr.AttrInt">
    <annotation name="android.support.annotation.StringDef">
      <val name="value" val="{lib.ys.util.attr.AttrInt.src, lib.ys.util.attr.AttrInt.button}" />
    </annotation>
  </item>
  <item name="lib.ys.util.attr.AttrParse">
    <annotation name="android.support.annotation.StringDef">
      <val name="value" val="{lib.ys.util.attr.AttrParse.suffix_dip, lib.ys.util.attr.AttrParse.prefix_src}" />
    </annotation>
  </item>
  <item name="lib.ys.util.attr.AttrSetUtil float getFloatValue(android.util.AttributeSet, java.lang.String) 1">
    <annotation name="android.support.annotation.StringDef">
      <val name="value" val="{lib.ys.util.attr.AttrFloat.layout_width, lib.ys.util.attr.AttrFloat.layout_height, lib.ys.util.attr.AttrFloat.drawable_padding, lib.ys.util.attr.AttrFloat.text_size}" />
    </annotation>
  </item>
  <item name="lib.ys.util.attr.AttrSetUtil int getIntValue(android.util.AttributeSet, java.lang.String) 1">
    <annotation name="android.support.annotation.StringDef">
      <val name="value" val="{lib.ys.util.attr.AttrInt.src, lib.ys.util.attr.AttrInt.button}" />
    </annotation>
  </item>
  <item name="lib.ys.util.attr.AttrSetUtil java.lang.String getStringValue(android.util.AttributeSet, java.lang.String) 1">
    <annotation name="android.support.annotation.StringDef">
      <val name="value" val="{lib.ys.util.attr.AttrFloat.layout_width, lib.ys.util.attr.AttrFloat.layout_height, lib.ys.util.attr.AttrFloat.drawable_padding, lib.ys.util.attr.AttrFloat.text_size}" />
    </annotation>
    <annotation name="android.support.annotation.StringDef">
      <val name="value" val="{lib.ys.util.attr.AttrInt.src, lib.ys.util.attr.AttrInt.button}" />
    </annotation>
  </item>
</root>

