<?xml version="1.0" encoding="UTF-8"?>
<root>
  <item name="lib.ys.decor.DecorViewEx DecorViewEx(android.content.Context, lib.ys.decor.DecorViewEx.TNavBarState, int, lib.ys.dialog.DialogEx) 2">
    <annotation name="android.support.annotation.IntDef">
      <val name="value" val="{lib.ys.config.AppConfig.RefreshWay.un_know, lib.ys.config.AppConfig.RefreshWay.dialog, lib.ys.config.AppConfig.RefreshWay.embed, lib.ys.config.AppConfig.RefreshWay.swipe}" />
    </annotation>
  </item>
  <item name="lib.ys.decor.DecorViewEx int getViewState()">
    <annotation name="android.support.annotation.IntDef">
      <val name="value" val="{lib.ys.decor.DecorViewEx.ViewState.normal, lib.ys.decor.DecorViewEx.ViewState.loading, lib.ys.decor.DecorViewEx.ViewState.error}" />
    </annotation>
  </item>
  <item name="lib.ys.decor.DecorViewEx mInitRefreshWay">
    <annotation name="android.support.annotation.IntDef">
      <val name="value" val="{lib.ys.config.AppConfig.RefreshWay.un_know, lib.ys.config.AppConfig.RefreshWay.dialog, lib.ys.config.AppConfig.RefreshWay.embed, lib.ys.config.AppConfig.RefreshWay.swipe}" />
    </annotation>
  </item>
  <item name="lib.ys.decor.DecorViewEx mViewState">
    <annotation name="android.support.annotation.IntDef">
      <val name="value" val="{lib.ys.decor.DecorViewEx.ViewState.normal, lib.ys.decor.DecorViewEx.ViewState.loading, lib.ys.decor.DecorViewEx.ViewState.error}" />
    </annotation>
  </item>
  <item name="lib.ys.decor.DecorViewEx void setViewState(int) 0">
    <annotation name="android.support.annotation.IntDef">
      <val name="value" val="{lib.ys.decor.DecorViewEx.ViewState.normal, lib.ys.decor.DecorViewEx.ViewState.loading, lib.ys.decor.DecorViewEx.ViewState.error}" />
    </annotation>
  </item>
  <item name="lib.ys.decor.DecorViewEx.ViewState">
    <annotation name="android.support.annotation.IntDef">
      <val name="value" val="{lib.ys.decor.DecorViewEx.ViewState.normal, lib.ys.decor.DecorViewEx.ViewState.loading, lib.ys.decor.DecorViewEx.ViewState.error}" />
    </annotation>
  </item>
  <item name="lib.ys.decor.LoadingDecorEx LoadingDecorEx(android.content.Context, int, lib.ys.dialog.DialogEx) 1">
    <annotation name="android.support.annotation.IntDef">
      <val name="value" val="{lib.ys.config.AppConfig.RefreshWay.un_know, lib.ys.config.AppConfig.RefreshWay.dialog, lib.ys.config.AppConfig.RefreshWay.embed, lib.ys.config.AppConfig.RefreshWay.swipe}" />
    </annotation>
  </item>
</root>

