<?xml version="1.0" encoding="UTF-8"?>
<root>
  <item name="lib.ys.frag.list.SRGroupListFragEx int getListPageDownType()">
    <annotation name="android.support.annotation.IntDef">
      <val name="value" val="{lib.ys.config.ListConfig.PageDownType.offset, lib.ys.config.ListConfig.PageDownType.page, lib.ys.config.ListConfig.PageDownType.last_item_id}" />
    </annotation>
  </item>
  <item name="lib.ys.frag.list.SRListFragEx int getListPageDownType()">
    <annotation name="android.support.annotation.IntDef">
      <val name="value" val="{lib.ys.config.ListConfig.PageDownType.offset, lib.ys.config.ListConfig.PageDownType.page, lib.ys.config.ListConfig.PageDownType.last_item_id}" />
    </annotation>
  </item>
  <item name="lib.ys.frag.list.SRRecyclerFragEx int getListPageDownType()">
    <annotation name="android.support.annotation.IntDef">
      <val name="value" val="{lib.ys.config.ListConfig.PageDownType.offset, lib.ys.config.ListConfig.PageDownType.page, lib.ys.config.ListConfig.PageDownType.last_item_id}" />
    </annotation>
  </item>
</root>

