<?xml version="1.0" encoding="UTF-8"?>
<root>
  <item name="lib.ys.config.AppConfig int getInitRefreshWay()">
    <annotation name="android.support.annotation.IntDef">
      <val name="value" val="{lib.ys.config.AppConfig.RefreshWay.un_know, lib.ys.config.AppConfig.RefreshWay.dialog, lib.ys.config.AppConfig.RefreshWay.embed, lib.ys.config.AppConfig.RefreshWay.swipe}" />
    </annotation>
  </item>
  <item name="lib.ys.config.AppConfig mInitRefreshWay">
    <annotation name="android.support.annotation.IntDef">
      <val name="value" val="{lib.ys.config.AppConfig.RefreshWay.un_know, lib.ys.config.AppConfig.RefreshWay.dialog, lib.ys.config.AppConfig.RefreshWay.embed, lib.ys.config.AppConfig.RefreshWay.swipe}" />
    </annotation>
  </item>
  <item name="lib.ys.config.AppConfig.Builder lib.ys.config.AppConfig.Builder initRefreshWay(int) 0">
    <annotation name="android.support.annotation.IntDef">
      <val name="value" val="{lib.ys.config.AppConfig.RefreshWay.un_know, lib.ys.config.AppConfig.RefreshWay.dialog, lib.ys.config.AppConfig.RefreshWay.embed, lib.ys.config.AppConfig.RefreshWay.swipe}" />
    </annotation>
  </item>
  <item name="lib.ys.config.AppConfig.Builder mInitRefreshWay">
    <annotation name="android.support.annotation.IntDef">
      <val name="value" val="{lib.ys.config.AppConfig.RefreshWay.un_know, lib.ys.config.AppConfig.RefreshWay.dialog, lib.ys.config.AppConfig.RefreshWay.embed, lib.ys.config.AppConfig.RefreshWay.swipe}" />
    </annotation>
  </item>
  <item name="lib.ys.config.AppConfig.RefreshWay">
    <annotation name="android.support.annotation.IntDef">
      <val name="value" val="{lib.ys.config.AppConfig.RefreshWay.un_know, lib.ys.config.AppConfig.RefreshWay.dialog, lib.ys.config.AppConfig.RefreshWay.embed, lib.ys.config.AppConfig.RefreshWay.swipe}" />
    </annotation>
  </item>
  <item name="lib.ys.config.ListConfig int getType()">
    <annotation name="android.support.annotation.IntDef">
      <val name="value" val="{lib.ys.config.ListConfig.PageDownType.offset, lib.ys.config.ListConfig.PageDownType.page, lib.ys.config.ListConfig.PageDownType.last_item_id}" />
    </annotation>
  </item>
  <item name="lib.ys.config.ListConfig mListPageDownType">
    <annotation name="android.support.annotation.IntDef">
      <val name="value" val="{lib.ys.config.ListConfig.PageDownType.offset, lib.ys.config.ListConfig.PageDownType.page, lib.ys.config.ListConfig.PageDownType.last_item_id}" />
    </annotation>
  </item>
  <item name="lib.ys.config.ListConfig void type(int) 0">
    <annotation name="android.support.annotation.IntDef">
      <val name="value" val="{lib.ys.config.ListConfig.PageDownType.offset, lib.ys.config.ListConfig.PageDownType.page, lib.ys.config.ListConfig.PageDownType.last_item_id}" />
    </annotation>
  </item>
  <item name="lib.ys.config.ListConfig.PageDownType">
    <annotation name="android.support.annotation.IntDef">
      <val name="value" val="{lib.ys.config.ListConfig.PageDownType.offset, lib.ys.config.ListConfig.PageDownType.page, lib.ys.config.ListConfig.PageDownType.last_item_id}" />
    </annotation>
  </item>
</root>

