<?xml version="1.0" encoding="UTF-8"?>
<root>
  <item name="lib.ys.frag.FragEx boolean checkPermission(int, java.lang.String...) 1">
    <annotation name="android.support.annotation.StringDef">
      <val name="value" val="{lib.ys.util.permission.Permission.calendar, lib.ys.util.permission.Permission.camera, lib.ys.util.permission.Permission.contacts, lib.ys.util.permission.Permission.location, lib.ys.util.permission.Permission.micro_phone, lib.ys.util.permission.Permission.phone, lib.ys.util.permission.Permission.sensors, lib.ys.util.permission.Permission.sms, lib.ys.util.permission.Permission.storage}" />
    </annotation>
  </item>
  <item name="lib.ys.frag.FragEx int getInitRefreshWay()">
    <annotation name="android.support.annotation.IntDef">
      <val name="value" val="{lib.ys.config.AppConfig.RefreshWay.un_know, lib.ys.config.AppConfig.RefreshWay.dialog, lib.ys.config.AppConfig.RefreshWay.embed, lib.ys.config.AppConfig.RefreshWay.swipe}" />
    </annotation>
  </item>
  <item name="lib.ys.frag.FragEx int getRefreshWay()">
    <annotation name="android.support.annotation.IntDef">
      <val name="value" val="{lib.ys.config.AppConfig.RefreshWay.un_know, lib.ys.config.AppConfig.RefreshWay.dialog, lib.ys.config.AppConfig.RefreshWay.embed, lib.ys.config.AppConfig.RefreshWay.swipe}" />
    </annotation>
  </item>
  <item name="lib.ys.frag.FragEx int getViewState()">
    <annotation name="android.support.annotation.IntDef">
      <val name="value" val="{lib.ys.decor.DecorViewEx.ViewState.normal, lib.ys.decor.DecorViewEx.ViewState.loading, lib.ys.decor.DecorViewEx.ViewState.error}" />
    </annotation>
  </item>
  <item name="lib.ys.frag.FragEx mRefreshWay">
    <annotation name="android.support.annotation.IntDef">
      <val name="value" val="{lib.ys.config.AppConfig.RefreshWay.un_know, lib.ys.config.AppConfig.RefreshWay.dialog, lib.ys.config.AppConfig.RefreshWay.embed, lib.ys.config.AppConfig.RefreshWay.swipe}" />
    </annotation>
  </item>
  <item name="lib.ys.frag.FragEx void onPermissionResult(int, int) 1">
    <annotation name="android.support.annotation.IntDef">
      <val name="value" val="{lib.ys.util.permission.PermissionResult.granted, lib.ys.util.permission.PermissionResult.denied, lib.ys.util.permission.PermissionResult.never_ask}" />
    </annotation>
  </item>
  <item name="lib.ys.frag.FragEx void refresh(int) 0">
    <annotation name="android.support.annotation.IntDef">
      <val name="value" val="{lib.ys.config.AppConfig.RefreshWay.un_know, lib.ys.config.AppConfig.RefreshWay.dialog, lib.ys.config.AppConfig.RefreshWay.embed, lib.ys.config.AppConfig.RefreshWay.swipe}" />
    </annotation>
  </item>
  <item name="lib.ys.frag.FragEx void setRefreshWay(int) 0">
    <annotation name="android.support.annotation.IntDef">
      <val name="value" val="{lib.ys.config.AppConfig.RefreshWay.un_know, lib.ys.config.AppConfig.RefreshWay.dialog, lib.ys.config.AppConfig.RefreshWay.embed, lib.ys.config.AppConfig.RefreshWay.swipe}" />
    </annotation>
  </item>
  <item name="lib.ys.frag.FragEx void setViewState(int) 0">
    <annotation name="android.support.annotation.IntDef">
      <val name="value" val="{lib.ys.decor.DecorViewEx.ViewState.normal, lib.ys.decor.DecorViewEx.ViewState.loading, lib.ys.decor.DecorViewEx.ViewState.error}" />
    </annotation>
  </item>
</root>

