<?xml version="1.0" encoding="UTF-8"?>
<root>
  <item name="lib.ys.util.res.ResLoader int getIdentifier(java.lang.String, java.lang.String) 1">
    <annotation name="android.support.annotation.StringDef">
      <val name="value" val="{lib.ys.util.res.ResUtil.ResDefType.id, lib.ys.util.res.ResUtil.ResDefType.string, lib.ys.util.res.ResUtil.ResDefType.drawable, lib.ys.util.res.ResUtil.ResDefType.mipmap, lib.ys.util.res.ResUtil.ResDefType.layout}" />
    </annotation>
  </item>
  <item name="lib.ys.util.res.ResUtil int getIdentifier(android.content.Context, java.lang.String, java.lang.String) 2">
    <annotation name="android.support.annotation.StringDef">
      <val name="value" val="{lib.ys.util.res.ResUtil.ResDefType.id, lib.ys.util.res.ResUtil.ResDefType.string, lib.ys.util.res.ResUtil.ResDefType.drawable, lib.ys.util.res.ResUtil.ResDefType.mipmap, lib.ys.util.res.ResUtil.ResDefType.layout}" />
    </annotation>
  </item>
  <item name="lib.ys.util.res.ResUtil.ResDefType">
    <annotation name="android.support.annotation.StringDef">
      <val name="value" val="{lib.ys.util.res.ResUtil.ResDefType.id, lib.ys.util.res.ResUtil.ResDefType.string, lib.ys.util.res.ResUtil.ResDefType.drawable, lib.ys.util.res.ResUtil.ResDefType.mipmap, lib.ys.util.res.ResUtil.ResDefType.layout}" />
    </annotation>
  </item>
</root>

