<?xml version="1.0" encoding="UTF-8"?>
<root>
  <item name="lib.ys.widget.list.OnSRWidgetListener int getInitRefreshWay()">
    <annotation name="android.support.annotation.IntDef">
      <val name="value" val="{lib.ys.config.AppConfig.RefreshWay.un_know, lib.ys.config.AppConfig.RefreshWay.dialog, lib.ys.config.AppConfig.RefreshWay.embed, lib.ys.config.AppConfig.RefreshWay.swipe}" />
    </annotation>
  </item>
  <item name="lib.ys.widget.list.OnSRWidgetListener int getListPageDownType()">
    <annotation name="android.support.annotation.IntDef">
      <val name="value" val="{lib.ys.config.ListConfig.PageDownType.offset, lib.ys.config.ListConfig.PageDownType.page, lib.ys.config.ListConfig.PageDownType.last_item_id}" />
    </annotation>
  </item>
  <item name="lib.ys.widget.list.OnSRWidgetListener int getRefreshWay()">
    <annotation name="android.support.annotation.IntDef">
      <val name="value" val="{lib.ys.config.AppConfig.RefreshWay.un_know, lib.ys.config.AppConfig.RefreshWay.dialog, lib.ys.config.AppConfig.RefreshWay.embed, lib.ys.config.AppConfig.RefreshWay.swipe}" />
    </annotation>
  </item>
  <item name="lib.ys.widget.list.OnSRWidgetListener void refresh(int) 0">
    <annotation name="android.support.annotation.IntDef">
      <val name="value" val="{lib.ys.config.AppConfig.RefreshWay.un_know, lib.ys.config.AppConfig.RefreshWay.dialog, lib.ys.config.AppConfig.RefreshWay.embed, lib.ys.config.AppConfig.RefreshWay.swipe}" />
    </annotation>
  </item>
  <item name="lib.ys.widget.list.OnSRWidgetListener void setRefreshWay(int) 0">
    <annotation name="android.support.annotation.IntDef">
      <val name="value" val="{lib.ys.config.AppConfig.RefreshWay.un_know, lib.ys.config.AppConfig.RefreshWay.dialog, lib.ys.config.AppConfig.RefreshWay.embed, lib.ys.config.AppConfig.RefreshWay.swipe}" />
    </annotation>
  </item>
  <item name="lib.ys.widget.list.OnSRWidgetListener void setViewState(int) 0">
    <annotation name="android.support.annotation.IntDef">
      <val name="value" val="{lib.ys.decor.DecorViewEx.ViewState.normal, lib.ys.decor.DecorViewEx.ViewState.loading, lib.ys.decor.DecorViewEx.ViewState.error}" />
    </annotation>
  </item>
  <item name="lib.ys.widget.list.SRWidget int getListPageUpType()">
    <annotation name="android.support.annotation.IntDef">
      <val name="value" val="{lib.ys.config.ListConfig.PageDownType.offset, lib.ys.config.ListConfig.PageDownType.page, lib.ys.config.ListConfig.PageDownType.last_item_id}" />
    </annotation>
  </item>
</root>

