<?xml version="1.0" encoding="UTF-8"?>
<root>
  <item name="lib.ys.timer.InterpolatorUtil mType">
    <annotation name="android.support.annotation.IntDef">
      <val name="value" val="{lib.ys.timer.InterpolatorUtil.InterpolatorType.decelerate, lib.ys.timer.InterpolatorUtil.InterpolatorType.overshoot, lib.ys.timer.InterpolatorUtil.InterpolatorType.linear, lib.ys.timer.InterpolatorUtil.InterpolatorType.accelerate}" />
    </annotation>
  </item>
  <item name="lib.ys.timer.InterpolatorUtil void setAttrs(long, int, long) 1">
    <annotation name="android.support.annotation.IntDef">
      <val name="value" val="{lib.ys.timer.InterpolatorUtil.InterpolatorType.decelerate, lib.ys.timer.InterpolatorUtil.InterpolatorType.overshoot, lib.ys.timer.InterpolatorUtil.InterpolatorType.linear, lib.ys.timer.InterpolatorUtil.InterpolatorType.accelerate}" />
    </annotation>
  </item>
  <item name="lib.ys.timer.InterpolatorUtil.InterpolatorType">
    <annotation name="android.support.annotation.IntDef">
      <val name="value" val="{lib.ys.timer.InterpolatorUtil.InterpolatorType.decelerate, lib.ys.timer.InterpolatorUtil.InterpolatorType.overshoot, lib.ys.timer.InterpolatorUtil.InterpolatorType.linear, lib.ys.timer.InterpolatorUtil.InterpolatorType.accelerate}" />
    </annotation>
  </item>
</root>

